video_id,repetition_number,exercise_id,exercise_name,person_id,first_frame,last_frame,n_frames,duration_s,cam17_orientation,cam18_orientation,sagittal_view_camera,exercise_subtype,lights_on,mocap_erroneous,extra_person_in_cam17,extra_person_in_cam18,quality_ok,correctness,video_path_cam17,video_path_cam18,has_video,frames_in_range,pose_camera,pose_path,pose_path_secondary,pose_mean_visibility,pose_left_knee_visibility,pose_right_knee_visibility,pose_detected_frames,pose_ok
PM_008,1,6,Squats,1,100,220,121,4.0333,front,side,Camera18,,False,False,0,0,True,1,videos/Ex6/PM_008-Camera17-30fps.mp4,videos/Ex6/PM_008-Camera18-30fps-transposed.mp4,True,True,cam18,data/poses/ex6/PM_008_rep01_cam18.npz,,0.8093,0.976,0.4023,121,True
PM_008,2,6,Squats,1,230,350,121,4.0333,front,side,Camera18,,False,False,0,0,True,1,videos/Ex6/PM_008-Camera17-30fps.mp4,videos/Ex6/PM_008-Camera18-30fps-transposed.mp4,True,True,cam18,data/poses/ex6/PM_008_rep02_cam18.npz,,0.8104,0.9798,0.4388,121,True
PM_008,3,6,Squats,1,370,480,111,3.7,front,side,Camera18,,False,False,0,0,True,1,videos/Ex6/PM_008-Camera17-30fps.mp4,videos/Ex6/PM_008-Camera18-30fps-transposed.mp4,True,True,cam18,data/poses/ex6/PM_008_rep03_cam18.npz,,0.8168,0.9801,0.4299,111,True
PM_008,4,6,Squats,1,500,605,106,3.5333,front,side,Camera18,,False,False,1,0,True,1,videos/Ex6/PM_008-Camera17-30fps.mp4,videos/Ex6/PM_008-Camera18-30fps-transposed.mp4,True,True,cam18,data/poses/ex6/PM_008_rep04_cam18.npz,,0.8135,0.9798,0.4334,106,True
PM_008,5,6,Squats,1,620,715,96,3.2,front,side,Camera18,,False,False,0,0,True,1,videos/Ex6/PM_008-Camera17-30fps.mp4,videos/Ex6/PM_008-Camera18-30fps-transposed.mp4,True,True,cam18,data/poses/ex6/PM_008_rep05_cam18.npz,,0.8129,0.98,0.4173,96,True
PM_008,6,6,Squats,1,1430,1570,141,4.7,front,side,Camera18,,False,False,0,0,True,1,videos/Ex6/PM_008-Camera17-30fps.mp4,videos/Ex6/PM_008-Camera18-30fps-transposed.mp4,True,True,cam18,data/poses/ex6/PM_008_rep06_cam18.npz,,0.804,0.9694,0.3234,141,True
PM_008,7,6,Squats,1,1585,1707,123,4.1,front,side,Camera18,,False,False,0,0,True,1,videos/Ex6/PM_008-Camera17-30fps.mp4,videos/Ex6/PM_008-Camera18-30fps-transposed.mp4,True,True,cam18,data/poses/ex6/PM_008_rep07_cam18.npz,,0.8076,0.9763,0.3288,123,True
PM_008,8,6,Squats,1,1708,1855,148,4.9333,front,side,Camera18,,False,False,0,0,True,1,videos/Ex6/PM_008-Camera17-30fps.mp4,videos/Ex6/PM_008-Camera18-30fps-transposed.mp4,True,True,cam18,data/poses/ex6/PM_008_rep08_cam18.npz,,0.8039,0.9735,0.3161,148,True
PM_008,9,6,Squats,1,1870,1990,121,4.0333,front,side,Camera18,,False,False,2,0,False,1,videos/Ex6/PM_008-Camera17-30fps.mp4,videos/Ex6/PM_008-Camera18-30fps-transposed.mp4,True,True,cam18,data/poses/ex6/PM_008_rep09_cam18.npz,,0.8058,0.9735,0.3352,121,True
PM_008,10,6,Squats,1,2010,2150,141,4.7,front,side,Camera18,,False,False,1,0,True,1,videos/Ex6/PM_008-Camera17-30fps.mp4,videos/Ex6/PM_008-Camera18-30fps-transposed.mp4,True,True,cam18,data/poses/ex6/PM_008_rep10_cam18.npz,,0.8038,0.9748,0.3305,141,True
PM_008,11,6,Squats,1,2180,2310,131,4.3667,front,side,Camera18,,False,False,2,0,False,1,videos/Ex6/PM_008-Camera17-30fps.mp4,videos/Ex6/PM_008-Camera18-30fps-transposed.mp4,True,True,cam18,data/poses/ex6/PM_008_rep11_cam18.npz,,0.8083,0.9754,0.3524,131,True
PM_008,12,6,Squats,1,2340,2446,107,3.5667,front,side,Camera18,,False,False,2,0,False,1,videos/Ex6/PM_008-Camera17-30fps.mp4,videos/Ex6/PM_008-Camera18-30fps-transposed.mp4,True,True,cam18,data/poses/ex6/PM_008_rep12_cam18.npz,,0.8088,0.9758,0.3437,107,True
PM_008,13,6,Squats,1,2830,2925,96,3.2,front,side,Camera18,,False,False,0,0,True,1,videos/Ex6/PM_008-Camera17-30fps.mp4,videos/Ex6/PM_008-Camera18-30fps-transposed.mp4,True,True,cam18,data/poses/ex6/PM_008_rep13_cam18.npz,,0.7991,0.9775,0.4172,96,True
PM_008,14,6,Squats,1,2940,3030,91,3.0333,front,side,Camera18,,False,False,1,0,True,1,videos/Ex6/PM_008-Camera17-30fps.mp4,videos/Ex6/PM_008-Camera18-30fps-transposed.mp4,True,True,cam18,data/poses/ex6/PM_008_rep14_cam18.npz,,0.8025,0.9747,0.41,91,True
PM_008,15,6,Squats,1,3040,3140,101,3.3667,front,side,Camera18,,False,False,0,0,True,1,videos/Ex6/PM_008-Camera17-30fps.mp4,videos/Ex6/PM_008-Camera18-30fps-transposed.mp4,True,True,cam18,data/poses/ex6/PM_008_rep15_cam18.npz,,0.8077,0.972,0.4,101,True
PM_008,16,6,Squats,1,3160,3255,96,3.2,front,side,Camera18,,False,False,1,0,True,1,videos/Ex6/PM_008-Camera17-30fps.mp4,videos/Ex6/PM_008-Camera18-30fps-transposed.mp4,True,True,cam18,data/poses/ex6/PM_008_rep16_cam18.npz,,0.8056,0.9756,0.4641,96,True
PM_008,17,6,Squats,1,3270,3360,91,3.0333,front,side,Camera18,,False,False,0,0,True,0,videos/Ex6/PM_008-Camera17-30fps.mp4,videos/Ex6/PM_008-Camera18-30fps-transposed.mp4,True,True,cam18,data/poses/ex6/PM_008_rep17_cam18.npz,,0.7898,0.9636,0.337,91,True
PM_008,18,6,Squats,1,3940,4050,111,3.7,half-profile,half-profile,neither,,False,False,1,0,True,1,videos/Ex6/PM_008-Camera17-30fps.mp4,videos/Ex6/PM_008-Camera18-30fps-transposed.mp4,True,True,cam17,data/poses/ex6/PM_008_rep18_cam17.npz,data/poses/ex6/PM_008_rep18_cam18.npz,0.9569,0.9373,0.9974,111,True
PM_008,19,6,Squats,1,4070,4200,131,4.3667,half-profile,half-profile,neither,,False,False,0,0,True,1,videos/Ex6/PM_008-Camera17-30fps.mp4,videos/Ex6/PM_008-Camera18-30fps-transposed.mp4,True,True,cam17,data/poses/ex6/PM_008_rep19_cam17.npz,data/poses/ex6/PM_008_rep19_cam18.npz,0.9531,0.9327,0.9974,131,True
PM_008,20,6,Squats,1,4201,4325,125,4.1667,half-profile,half-profile,neither,,False,False,0,0,True,1,videos/Ex6/PM_008-Camera17-30fps.mp4,videos/Ex6/PM_008-Camera18-30fps-transposed.mp4,True,True,cam17,data/poses/ex6/PM_008_rep20_cam17.npz,data/poses/ex6/PM_008_rep20_cam18.npz,0.9526,0.9398,0.9971,125,True
PM_008,21,6,Squats,1,4326,4450,125,4.1667,half-profile,half-profile,neither,,False,False,0,0,True,1,videos/Ex6/PM_008-Camera17-30fps.mp4,videos/Ex6/PM_008-Camera18-30fps-transposed.mp4,True,True,cam18,data/poses/ex6/PM_008_rep21_cam18.npz,data/poses/ex6/PM_008_rep21_cam17.npz,0.9469,0.9921,0.9856,125,True
PM_008,22,6,Squats,1,4451,4575,125,4.1667,half-profile,half-profile,neither,,False,False,0,0,True,1,videos/Ex6/PM_008-Camera17-30fps.mp4,videos/Ex6/PM_008-Camera18-30fps-transposed.mp4,True,True,cam17,data/poses/ex6/PM_008_rep22_cam17.npz,data/poses/ex6/PM_008_rep22_cam18.npz,0.9478,0.9398,0.9974,125,True
PM_008,23,6,Squats,1,4660,4740,81,2.7,half-profile,half-profile,neither,,False,False,0,0,True,0,videos/Ex6/PM_008-Camera17-30fps.mp4,videos/Ex6/PM_008-Camera18-30fps-transposed.mp4,True,True,cam17,data/poses/ex6/PM_008_rep23_cam17.npz,data/poses/ex6/PM_008_rep23_cam18.npz,0.9242,0.9106,0.994,81,True
PM_008,24,6,Squats,1,4760,4855,96,3.2,half-profile,half-profile,neither,,False,False,0,0,True,0,videos/Ex6/PM_008-Camera17-30fps.mp4,videos/Ex6/PM_008-Camera18-30fps-transposed.mp4,True,True,cam18,data/poses/ex6/PM_008_rep24_cam18.npz,data/poses/ex6/PM_008_rep24_cam17.npz,0.9377,0.9883,0.9686,96,True
PM_008,25,6,Squats,1,4870,4955,86,2.8667,half-profile,half-profile,neither,,False,False,0,0,True,0,videos/Ex6/PM_008-Camera17-30fps.mp4,videos/Ex6/PM_008-Camera18-30fps-transposed.mp4,True,True,cam18,data/poses/ex6/PM_008_rep25_cam18.npz,data/poses/ex6/PM_008_rep25_cam17.npz,0.9166,0.9907,0.977,86,True
PM_008,26,6,Squats,1,4970,5050,81,2.7,half-profile,half-profile,neither,,False,False,0,0,True,0,videos/Ex6/PM_008-Camera17-30fps.mp4,videos/Ex6/PM_008-Camera18-30fps-transposed.mp4,True,True,cam17,data/poses/ex6/PM_008_rep26_cam17.npz,data/poses/ex6/PM_008_rep26_cam18.npz,0.9251,0.9166,0.9958,81,True
PM_008,27,6,Squats,1,5060,5150,91,3.0333,half-profile,half-profile,neither,,False,False,0,0,True,0,videos/Ex6/PM_008-Camera17-30fps.mp4,videos/Ex6/PM_008-Camera18-30fps-transposed.mp4,True,True,cam18,data/poses/ex6/PM_008_rep27_cam18.npz,data/poses/ex6/PM_008_rep27_cam17.npz,0.9216,0.9864,0.9722,91,True
PM_022,1,6,Squats,2,80,160,81,2.7,front,side,Camera18,,False,False,2,0,False,1,videos/Ex6/PM_022-Camera17-30fps.mp4,videos/Ex6/PM_022-Camera18-30fps-transposed.mp4,True,True,cam18,data/poses/ex6/PM_022_rep01_cam18.npz,,0.8219,0.9712,0.4878,81,True
PM_022,2,6,Squats,2,161,250,90,3.0,front,side,Camera18,,False,False,0,0,True,1,videos/Ex6/PM_022-Camera17-30fps.mp4,videos/Ex6/PM_022-Camera18-30fps-transposed.mp4,True,True,cam18,data/poses/ex6/PM_022_rep02_cam18.npz,,0.8131,0.9696,0.4822,90,True
PM_022,3,6,Squats,2,251,330,80,2.6667,front,side,Camera18,,False,False,1,0,True,1,videos/Ex6/PM_022-Camera17-30fps.mp4,videos/Ex6/PM_022-Camera18-30fps-transposed.mp4,True,True,cam18,data/poses/ex6/PM_022_rep03_cam18.npz,,0.8251,0.9788,0.4904,80,True
PM_022,4,6,Squats,2,340,420,81,2.7,front,side,Camera18,,False,False,1,0,True,1,videos/Ex6/PM_022-Camera17-30fps.mp4,videos/Ex6/PM_022-Camera18-30fps-transposed.mp4,True,True,cam18,data/poses/ex6/PM_022_rep04_cam18.npz,,0.8271,0.9805,0.5126,81,True
PM_022,5,6,Squats,2,425,495,71,2.3667,front,side,Camera18,,False,False,2,0,False,1,videos/Ex6/PM_022-Camera17-30fps.mp4,videos/Ex6/PM_022-Camera18-30fps-transposed.mp4,True,True,cam18,data/poses/ex6/PM_022_rep05_cam18.npz,,0.8349,0.9794,0.5087,71,True
PM_022,6,6,Squats,2,770,845,76,2.5333,front,side,Camera18,,False,False,0,1,True,1,videos/Ex6/PM_022-Camera17-30fps.mp4,videos/Ex6/PM_022-Camera18-30fps-transposed.mp4,True,True,cam18,data/poses/ex6/PM_022_rep06_cam18.npz,,0.8124,0.9753,0.4728,76,True
PM_022,7,6,Squats,2,846,930,85,2.8333,front,side,Camera18,,False,False,0,1,True,1,videos/Ex6/PM_022-Camera17-30fps.mp4,videos/Ex6/PM_022-Camera18-30fps-transposed.mp4,True,True,cam18,data/poses/ex6/PM_022_rep07_cam18.npz,,0.8064,0.9736,0.4747,85,True
PM_022,8,6,Squats,2,965,1050,86,2.8667,front,side,Camera18,,False,False,2,1,False,1,videos/Ex6/PM_022-Camera17-30fps.mp4,videos/Ex6/PM_022-Camera18-30fps-transposed.mp4,True,True,cam18,data/poses/ex6/PM_022_rep08_cam18.npz,,0.798,0.9711,0.4942,86,True
PM_022,9,6,Squats,2,1060,1150,91,3.0333,front,side,Camera18,,False,False,0,1,True,1,videos/Ex6/PM_022-Camera17-30fps.mp4,videos/Ex6/PM_022-Camera18-30fps-transposed.mp4,True,True,cam18,data/poses/ex6/PM_022_rep09_cam18.npz,,0.8114,0.9721,0.4996,91,True
PM_022,10,6,Squats,2,1160,1230,71,2.3667,front,side,Camera18,,False,False,2,1,False,1,videos/Ex6/PM_022-Camera17-30fps.mp4,videos/Ex6/PM_022-Camera18-30fps-transposed.mp4,True,True,cam18,data/poses/ex6/PM_022_rep10_cam18.npz,,0.8041,0.9761,0.491,71,True
PM_022,11,6,Squats,2,1470,1545,76,2.5333,half-profile,half-profile,neither,,False,False,2,1,False,1,videos/Ex6/PM_022-Camera17-30fps.mp4,videos/Ex6/PM_022-Camera18-30fps-transposed.mp4,True,True,cam18,data/poses/ex6/PM_022_rep11_cam18.npz,data/poses/ex6/PM_022_rep11_cam17.npz,0.882,0.9908,0.9916,76,True
PM_022,12,6,Squats,2,1555,1640,86,2.8667,half-profile,half-profile,neither,,False,False,2,1,False,1,videos/Ex6/PM_022-Camera17-30fps.mp4,videos/Ex6/PM_022-Camera18-30fps-transposed.mp4,True,True,cam18,data/poses/ex6/PM_022_rep12_cam18.npz,data/poses/ex6/PM_022_rep12_cam17.npz,0.8969,0.991,0.9948,86,True
PM_022,13,6,Squats,2,1655,1740,86,2.8667,half-profile,half-profile,neither,,False,False,0,1,True,1,videos/Ex6/PM_022-Camera17-30fps.mp4,videos/Ex6/PM_022-Camera18-30fps-transposed.mp4,True,True,cam18,data/poses/ex6/PM_022_rep13_cam18.npz,data/poses/ex6/PM_022_rep13_cam17.npz,0.9085,0.989,0.9927,86,True
PM_022,14,6,Squats,2,1880,1950,71,2.3667,half-profile,half-profile,neither,,False,False,0,1,True,1,videos/Ex6/PM_022-Camera17-30fps.mp4,videos/Ex6/PM_022-Camera18-30fps-transposed.mp4,True,True,cam18,data/poses/ex6/PM_022_rep14_cam18.npz,data/poses/ex6/PM_022_rep14_cam17.npz,0.9022,0.9914,0.9916,71,True
PM_022,15,6,Squats,2,1960,2040,81,2.7,half-profile,half-profile,neither,,False,False,1,1,True,1,videos/Ex6/PM_022-Camera17-30fps.mp4,videos/Ex6/PM_022-Camera18-30fps-transposed.mp4,True,True,cam18,data/poses/ex6/PM_022_rep15_cam18.npz,data/poses/ex6/PM_022_rep15_cam17.npz,0.911,0.9923,0.9929,81,True
PM_022,16,6,Squats,2,2060,2140,81,2.7,half-profile,half-profile,neither,,False,False,2,1,False,1,videos/Ex6/PM_022-Camera17-30fps.mp4,videos/Ex6/PM_022-Camera18-30fps-transposed.mp4,True,True,cam18,data/poses/ex6/PM_022_rep16_cam18.npz,data/poses/ex6/PM_022_rep16_cam17.npz,0.9035,0.9919,0.9931,81,True
PM_022,17,6,Squats,2,2155,2220,66,2.2,half-profile,half-profile,neither,,False,False,2,1,False,1,videos/Ex6/PM_022-Camera17-30fps.mp4,videos/Ex6/PM_022-Camera18-30fps-transposed.mp4,True,True,cam18,data/poses/ex6/PM_022_rep17_cam18.npz,data/poses/ex6/PM_022_rep17_cam17.npz,0.9062,0.9916,0.9931,66,True
PM_022,18,6,Squats,2,2290,2375,86,2.8667,half-profile,half-profile,neither,,False,False,1,1,True,1,videos/Ex6/PM_022-Camera17-30fps.mp4,videos/Ex6/PM_022-Camera18-30fps-transposed.mp4,True,True,cam18,data/poses/ex6/PM_022_rep18_cam18.npz,data/poses/ex6/PM_022_rep18_cam17.npz,0.9034,0.9945,0.9848,86,True
PM_022,19,6,Squats,2,2385,2475,91,3.0333,half-profile,half-profile,neither,,False,False,0,1,True,1,videos/Ex6/PM_022-Camera17-30fps.mp4,videos/Ex6/PM_022-Camera18-30fps-transposed.mp4,True,True,cam18,data/poses/ex6/PM_022_rep19_cam18.npz,data/poses/ex6/PM_022_rep19_cam17.npz,0.9176,0.9953,0.9835,91,True
PM_022,20,6,Squats,2,2485,2570,86,2.8667,half-profile,half-profile,neither,,False,False,0,1,True,1,videos/Ex6/PM_022-Camera17-30fps.mp4,videos/Ex6/PM_022-Camera18-30fps-transposed.mp4,True,True,cam18,data/poses/ex6/PM_022_rep20_cam18.npz,data/poses/ex6/PM_022_rep20_cam17.npz,0.9043,0.9936,0.9892,86,True
PM_022,21,6,Squats,2,2580,2665,86,2.8667,half-profile,half-profile,neither,,False,False,0,1,True,1,videos/Ex6/PM_022-Camera17-30fps.mp4,videos/Ex6/PM_022-Camera18-30fps-transposed.mp4,True,True,cam18,data/poses/ex6/PM_022_rep21_cam18.npz,data/poses/ex6/PM_022_rep21_cam17.npz,0.9215,0.9961,0.9844,86,True
PM_022,22,6,Squats,2,2670,2740,71,2.3667,half-profile,half-profile,neither,,False,False,0,1,True,0,videos/Ex6/PM_022-Camera17-30fps.mp4,videos/Ex6/PM_022-Camera18-30fps-transposed.mp4,True,True,cam18,data/poses/ex6/PM_022_rep22_cam18.npz,data/poses/ex6/PM_022_rep22_cam17.npz,0.9162,0.9946,0.9867,71,True
PM_029,1,6,Squats,3,70,200,131,4.3667,front,side,Camera18,,True,False,2,0,False,1,videos/Ex6/PM_029-Camera17-30fps.mp4,videos/Ex6/PM_029-Camera18-30fps-transposed.mp4,True,True,cam18,data/poses/ex6/PM_029_rep01_cam18.npz,,0.8354,0.9704,0.3771,131,True
PM_029,2,6,Squats,3,210,330,121,4.0333,front,side,Camera18,,True,False,2,0,False,1,videos/Ex6/PM_029-Camera17-30fps.mp4,videos/Ex6/PM_029-Camera18-30fps-transposed.mp4,True,True,cam18,data/poses/ex6/PM_029_rep02_cam18.npz,,0.8402,0.9654,0.3595,121,True
PM_029,3,6,Squats,3,340,460,121,4.0333,front,side,Camera18,,True,False,0,0,True,1,videos/Ex6/PM_029-Camera17-30fps.mp4,videos/Ex6/PM_029-Camera18-30fps-transposed.mp4,True,True,cam18,data/poses/ex6/PM_029_rep03_cam18.npz,,0.8413,0.9656,0.361,121,True
PM_029,4,6,Squats,3,461,590,130,4.3333,front,side,Camera18,,True,False,1,2,False,1,videos/Ex6/PM_029-Camera17-30fps.mp4,videos/Ex6/PM_029-Camera18-30fps-transposed.mp4,True,True,cam18,data/poses/ex6/PM_029_rep04_cam18.npz,,0.8411,0.9679,0.3565,130,True
PM_029,5,6,Squats,3,591,720,130,4.3333,front,side,Camera18,,True,False,3,0,False,1,videos/Ex6/PM_029-Camera17-30fps.mp4,videos/Ex6/PM_029-Camera18-30fps-transposed.mp4,True,True,cam18,data/poses/ex6/PM_029_rep05_cam18.npz,,0.8417,0.9663,0.3547,130,True
PM_029,6,6,Squats,3,940,1030,91,3.0333,front,side,Camera18,,True,False,0,0,True,0,videos/Ex6/PM_029-Camera17-30fps.mp4,videos/Ex6/PM_029-Camera18-30fps-transposed.mp4,True,True,cam18,data/poses/ex6/PM_029_rep06_cam18.npz,,0.8162,0.9675,0.331,91,True
PM_029,7,6,Squats,3,1050,1170,121,4.0333,front,side,Camera18,,True,False,0,0,True,0,videos/Ex6/PM_029-Camera17-30fps.mp4,videos/Ex6/PM_029-Camera18-30fps-transposed.mp4,True,True,cam18,data/poses/ex6/PM_029_rep07_cam18.npz,,0.8222,0.9585,0.3145,121,True
PM_029,8,6,Squats,3,1171,1280,110,3.6667,front,side,Camera18,,True,False,0,0,True,0,videos/Ex6/PM_029-Camera17-30fps.mp4,videos/Ex6/PM_029-Camera18-30fps-transposed.mp4,True,True,cam18,data/poses/ex6/PM_029_rep08_cam18.npz,,0.8128,0.9546,0.3005,110,True
PM_029,9,6,Squats,3,1281,1380,100,3.3333,front,side,Camera18,,True,False,0,0,True,0,videos/Ex6/PM_029-Camera17-30fps.mp4,videos/Ex6/PM_029-Camera18-30fps-transposed.mp4,True,True,cam18,data/poses/ex6/PM_029_rep09_cam18.npz,,0.8192,0.9522,0.323,100,True
PM_029,10,6,Squats,3,1381,1455,75,2.5,front,side,Camera18,,True,False,0,0,True,0,videos/Ex6/PM_029-Camera17-30fps.mp4,videos/Ex6/PM_029-Camera18-30fps-transposed.mp4,True,True,cam18,data/poses/ex6/PM_029_rep10_cam18.npz,,0.8194,0.9669,0.3717,75,True
PM_029,11,6,Squats,3,1790,1900,111,3.7,half-profile,half-profile,neither,,True,False,0,0,True,1,videos/Ex6/PM_029-Camera17-30fps.mp4,videos/Ex6/PM_029-Camera18-30fps-transposed.mp4,True,True,cam18,data/poses/ex6/PM_029_rep11_cam18.npz,data/poses/ex6/PM_029_rep11_cam17.npz,0.9622,0.9947,0.9792,111,True
PM_029,12,6,Squats,3,1915,2030,116,3.8667,half-profile,half-profile,neither,,True,False,0,0,True,1,videos/Ex6/PM_029-Camera17-30fps.mp4,videos/Ex6/PM_029-Camera18-30fps-transposed.mp4,True,True,cam18,data/poses/ex6/PM_029_rep12_cam18.npz,data/poses/ex6/PM_029_rep12_cam17.npz,0.9716,0.9948,0.9829,116,True
PM_029,13,6,Squats,3,2040,2155,116,3.8667,half-profile,half-profile,neither,,True,False,0,0,True,1,videos/Ex6/PM_029-Camera17-30fps.mp4,videos/Ex6/PM_029-Camera18-30fps-transposed.mp4,True,True,cam18,data/poses/ex6/PM_029_rep13_cam18.npz,data/poses/ex6/PM_029_rep13_cam17.npz,0.9671,0.9946,0.9798,116,True
PM_029,14,6,Squats,3,2156,2270,115,3.8333,half-profile,half-profile,neither,,True,False,0,0,True,1,videos/Ex6/PM_029-Camera17-30fps.mp4,videos/Ex6/PM_029-Camera18-30fps-transposed.mp4,True,True,cam18,data/poses/ex6/PM_029_rep14_cam18.npz,data/poses/ex6/PM_029_rep14_cam17.npz,0.9711,0.9951,0.9813,115,True
PM_029,15,6,Squats,3,2271,2380,110,3.6667,half-profile,half-profile,neither,,True,False,0,0,True,1,videos/Ex6/PM_029-Camera17-30fps.mp4,videos/Ex6/PM_029-Camera18-30fps-transposed.mp4,True,True,cam18,data/poses/ex6/PM_029_rep15_cam18.npz,data/poses/ex6/PM_029_rep15_cam17.npz,0.9628,0.9945,0.975,110,True
PM_029,16,6,Squats,3,2480,2585,106,3.5333,half-profile,half-profile,neither,,True,False,0,0,True,0,videos/Ex6/PM_029-Camera17-30fps.mp4,videos/Ex6/PM_029-Camera18-30fps-transposed.mp4,True,True,cam17,data/poses/ex6/PM_029_rep16_cam17.npz,data/poses/ex6/PM_029_rep16_cam18.npz,0.967,0.95,0.998,106,True
PM_029,17,6,Squats,3,2586,2690,105,3.5,half-profile,half-profile,neither,,True,False,0,0,True,0,videos/Ex6/PM_029-Camera17-30fps.mp4,videos/Ex6/PM_029-Camera18-30fps-transposed.mp4,True,True,cam18,data/poses/ex6/PM_029_rep17_cam18.npz,data/poses/ex6/PM_029_rep17_cam17.npz,0.9655,0.9954,0.9703,105,True
PM_029,18,6,Squats,3,2691,2800,110,3.6667,half-profile,half-profile,neither,,True,False,0,0,True,0,videos/Ex6/PM_029-Camera17-30fps.mp4,videos/Ex6/PM_029-Camera18-30fps-transposed.mp4,True,True,cam18,data/poses/ex6/PM_029_rep18_cam18.npz,data/poses/ex6/PM_029_rep18_cam17.npz,0.9621,0.9959,0.9748,110,True
PM_029,19,6,Squats,3,2801,2900,100,3.3333,half-profile,half-profile,neither,,True,False,0,0,True,0,videos/Ex6/PM_029-Camera17-30fps.mp4,videos/Ex6/PM_029-Camera18-30fps-transposed.mp4,True,True,cam18,data/poses/ex6/PM_029_rep19_cam18.npz,data/poses/ex6/PM_029_rep19_cam17.npz,0.9644,0.9968,0.9812,100,True
PM_029,20,6,Squats,3,2901,2980,80,2.6667,half-profile,half-profile,neither,,True,False,2,0,False,0,videos/Ex6/PM_029-Camera17-30fps.mp4,videos/Ex6/PM_029-Camera18-30fps-transposed.mp4,True,True,cam18,data/poses/ex6/PM_029_rep20_cam18.npz,data/poses/ex6/PM_029_rep20_cam17.npz,0.9638,0.9976,0.9827,80,True
PM_038,1,6,Squats,4,130,200,71,2.3667,front,side,Camera18,,True,False,0,0,True,1,videos/Ex6/PM_038-Camera17-30fps.mp4,videos/Ex6/PM_038-Camera18-30fps-transposed.mp4,True,True,cam18,data/poses/ex6/PM_038_rep01_cam18.npz,,0.8107,0.9953,0.651,71,True
PM_038,2,6,Squats,4,201,280,80,2.6667,front,side,Camera18,,True,False,0,0,True,1,videos/Ex6/PM_038-Camera17-30fps.mp4,videos/Ex6/PM_038-Camera18-30fps-transposed.mp4,True,True,cam18,data/poses/ex6/PM_038_rep02_cam18.npz,,0.8305,0.9937,0.6235,80,True
PM_038,3,6,Squats,4,281,370,90,3.0,front,side,Camera18,,True,False,0,0,True,1,videos/Ex6/PM_038-Camera17-30fps.mp4,videos/Ex6/PM_038-Camera18-30fps-transposed.mp4,True,True,cam18,data/poses/ex6/PM_038_rep03_cam18.npz,,0.8242,0.9919,0.6,90,True
PM_038,4,6,Squats,4,371,450,80,2.6667,front,side,Camera18,,True,False,0,0,True,1,videos/Ex6/PM_038-Camera17-30fps.mp4,videos/Ex6/PM_038-Camera18-30fps-transposed.mp4,True,True,cam18,data/poses/ex6/PM_038_rep04_cam18.npz,,0.8319,0.9942,0.6548,80,True
PM_038,5,6,Squats,4,451,530,80,2.6667,front,side,Camera18,,True,False,0,0,True,1,videos/Ex6/PM_038-Camera17-30fps.mp4,videos/Ex6/PM_038-Camera18-30fps-transposed.mp4,True,True,cam18,data/poses/ex6/PM_038_rep05_cam18.npz,,0.8302,0.994,0.6243,80,True
PM_038,6,6,Squats,4,630,745,116,3.8667,front,side,Camera18,,True,False,3,0,False,1,videos/Ex6/PM_038-Camera17-30fps.mp4,videos/Ex6/PM_038-Camera18-30fps-transposed.mp4,True,True,cam18,data/poses/ex6/PM_038_rep06_cam18.npz,,0.8295,0.9932,0.6214,116,True
PM_038,7,6,Squats,4,746,840,95,3.1667,front,side,Camera18,,True,False,1,0,True,1,videos/Ex6/PM_038-Camera17-30fps.mp4,videos/Ex6/PM_038-Camera18-30fps-transposed.mp4,True,True,cam18,data/poses/ex6/PM_038_rep07_cam18.npz,,0.8289,0.9943,0.6093,95,True
PM_038,8,6,Squats,4,841,940,100,3.3333,front,side,Camera18,,True,False,0,0,True,1,videos/Ex6/PM_038-Camera17-30fps.mp4,videos/Ex6/PM_038-Camera18-30fps-transposed.mp4,True,True,cam18,data/poses/ex6/PM_038_rep08_cam18.npz,,0.8247,0.9934,0.5841,100,True
PM_038,9,6,Squats,4,941,1030,90,3.0,front,side,Camera18,,True,False,0,0,True,1,videos/Ex6/PM_038-Camera17-30fps.mp4,videos/Ex6/PM_038-Camera18-30fps-transposed.mp4,True,True,cam18,data/poses/ex6/PM_038_rep09_cam18.npz,,0.828,0.9931,0.5487,90,True
PM_038,10,6,Squats,4,1031,1120,90,3.0,front,side,Camera18,,True,False,2,0,False,1,videos/Ex6/PM_038-Camera17-30fps.mp4,videos/Ex6/PM_038-Camera18-30fps-transposed.mp4,True,True,cam18,data/poses/ex6/PM_038_rep10_cam18.npz,,0.8269,0.9914,0.5366,90,True
PM_038,11,6,Squats,4,1380,1450,71,2.3667,half-profile,half-profile,neither,,True,False,0,0,True,1,videos/Ex6/PM_038-Camera17-30fps.mp4,videos/Ex6/PM_038-Camera18-30fps-transposed.mp4,True,True,cam18,data/poses/ex6/PM_038_rep11_cam18.npz,data/poses/ex6/PM_038_rep11_cam17.npz,0.9338,0.996,0.9732,71,True
PM_038,12,6,Squats,4,1490,1555,66,2.2,half-profile,half-profile,neither,,True,False,0,0,True,1,videos/Ex6/PM_038-Camera17-30fps.mp4,videos/Ex6/PM_038-Camera18-30fps-transposed.mp4,True,True,cam18,data/poses/ex6/PM_038_rep12_cam18.npz,data/poses/ex6/PM_038_rep12_cam17.npz,0.9293,0.9963,0.9727,66,True
PM_038,13,6,Squats,4,1556,1645,90,3.0,half-profile,half-profile,neither,,True,False,0,0,True,1,videos/Ex6/PM_038-Camera17-30fps.mp4,videos/Ex6/PM_038-Camera18-30fps-transposed.mp4,True,True,cam18,data/poses/ex6/PM_038_rep13_cam18.npz,data/poses/ex6/PM_038_rep13_cam17.npz,0.9611,0.9969,0.9749,90,True
PM_038,14,6,Squats,4,1646,1725,80,2.6667,half-profile,half-profile,neither,,True,False,0,0,True,1,videos/Ex6/PM_038-Camera17-30fps.mp4,videos/Ex6/PM_038-Camera18-30fps-transposed.mp4,True,True,cam18,data/poses/ex6/PM_038_rep14_cam18.npz,data/poses/ex6/PM_038_rep14_cam17.npz,0.9657,0.9969,0.9814,80,True
PM_038,15,6,Squats,4,1740,1820,81,2.7,half-profile,half-profile,neither,,True,False,0,0,True,1,videos/Ex6/PM_038-Camera17-30fps.mp4,videos/Ex6/PM_038-Camera18-30fps-transposed.mp4,True,True,cam18,data/poses/ex6/PM_038_rep15_cam18.npz,data/poses/ex6/PM_038_rep15_cam17.npz,0.9493,0.9966,0.9732,81,True
PM_038,16,6,Squats,4,1860,1957,98,3.2667,half-profile,half-profile,neither,,True,False,0,0,True,1,videos/Ex6/PM_038-Camera17-30fps.mp4,videos/Ex6/PM_038-Camera18-30fps-transposed.mp4,True,True,cam18,data/poses/ex6/PM_038_rep16_cam18.npz,data/poses/ex6/PM_038_rep16_cam17.npz,0.9551,0.9968,0.9599,98,True
PM_038,17,6,Squats,4,1958,2060,103,3.4333,half-profile,half-profile,neither,,True,False,0,0,True,0,videos/Ex6/PM_038-Camera17-30fps.mp4,videos/Ex6/PM_038-Camera18-30fps-transposed.mp4,True,True,cam18,data/poses/ex6/PM_038_rep17_cam18.npz,data/poses/ex6/PM_038_rep17_cam17.npz,0.9611,0.997,0.9503,103,True
PM_038,18,6,Squats,4,2061,2150,90,3.0,half-profile,half-profile,neither,,True,False,0,0,True,0,videos/Ex6/PM_038-Camera17-30fps.mp4,videos/Ex6/PM_038-Camera18-30fps-transposed.mp4,True,True,cam18,data/poses/ex6/PM_038_rep18_cam18.npz,data/poses/ex6/PM_038_rep18_cam17.npz,0.9696,0.9972,0.9645,90,True
PM_038,19,6,Squats,4,2160,2255,96,3.2,half-profile,half-profile,neither,,True,False,0,0,True,0,videos/Ex6/PM_038-Camera17-30fps.mp4,videos/Ex6/PM_038-Camera18-30fps-transposed.mp4,True,True,cam18,data/poses/ex6/PM_038_rep19_cam18.npz,data/poses/ex6/PM_038_rep19_cam17.npz,0.9702,0.9974,0.9478,96,True
PM_038,20,6,Squats,4,2275,2350,76,2.5333,half-profile,half-profile,neither,,True,False,0,0,True,1,videos/Ex6/PM_038-Camera17-30fps.mp4,videos/Ex6/PM_038-Camera18-30fps-transposed.mp4,True,True,cam18,data/poses/ex6/PM_038_rep20_cam18.npz,data/poses/ex6/PM_038_rep20_cam17.npz,0.9531,0.9964,0.9553,76,True
PM_043,1,6,Squats,5,335,420,86,2.8667,front,side,Camera18,,True,False,2,0,False,1,videos/Ex6/PM_043-Camera17-30fps.mp4,videos/Ex6/PM_043-Camera18-30fps-transposed.mp4,True,True,cam18,data/poses/ex6/PM_043_rep01_cam18.npz,,0.8152,0.9647,0.3538,86,True
PM_043,2,6,Squats,5,470,560,91,3.0333,front,side,Camera18,,True,False,1,0,True,1,videos/Ex6/PM_043-Camera17-30fps.mp4,videos/Ex6/PM_043-Camera18-30fps-transposed.mp4,True,True,cam18,data/poses/ex6/PM_043_rep02_cam18.npz,,0.8187,0.9405,0.3202,91,True
PM_043,3,6,Squats,5,570,650,81,2.7,front,side,Camera18,,True,False,2,0,False,1,videos/Ex6/PM_043-Camera17-30fps.mp4,videos/Ex6/PM_043-Camera18-30fps-transposed.mp4,True,True,cam18,data/poses/ex6/PM_043_rep03_cam18.npz,,0.8177,0.9488,0.3316,81,True
PM_043,4,6,Squats,5,665,805,141,4.7,front,side,Camera18,,True,False,2,0,False,1,videos/Ex6/PM_043-Camera17-30fps.mp4,videos/Ex6/PM_043-Camera18-30fps-transposed.mp4,True,True,cam18,data/poses/ex6/PM_043_rep04_cam18.npz,,0.8083,0.9477,0.323,141,True
PM_043,5,6,Squats,5,850,935,86,2.8667,front,side,Camera18,,True,False,2,0,False,1,videos/Ex6/PM_043-Camera17-30fps.mp4,videos/Ex6/PM_043-Camera18-30fps-transposed.mp4,True,True,cam18,data/poses/ex6/PM_043_rep05_cam18.npz,,0.8088,0.9534,0.3357,86,True
PM_043,6,6,Squats,5,1430,1520,91,3.0333,front,side,Camera18,,True,False,2,0,False,0,videos/Ex6/PM_043-Camera17-30fps.mp4,videos/Ex6/PM_043-Camera18-30fps-transposed.mp4,True,True,cam18,data/poses/ex6/PM_043_rep06_cam18.npz,,0.8009,0.9509,0.2817,91,True
PM_043,7,6,Squats,5,1521,1609,89,2.9667,front,side,Camera18,,True,False,0,0,True,0,videos/Ex6/PM_043-Camera17-30fps.mp4,videos/Ex6/PM_043-Camera18-30fps-transposed.mp4,True,True,cam18,data/poses/ex6/PM_043_rep07_cam18.npz,,0.8017,0.9484,0.2871,89,True
PM_043,8,6,Squats,5,1610,1700,91,3.0333,front,side,Camera18,,True,False,0,0,True,0,videos/Ex6/PM_043-Camera17-30fps.mp4,videos/Ex6/PM_043-Camera18-30fps-transposed.mp4,True,True,cam18,data/poses/ex6/PM_043_rep08_cam18.npz,,0.8047,0.9425,0.283,91,True
PM_043,9,6,Squats,5,1701,1790,90,3.0,front,side,Camera18,,True,False,0,0,True,0,videos/Ex6/PM_043-Camera17-30fps.mp4,videos/Ex6/PM_043-Camera18-30fps-transposed.mp4,True,True,cam18,data/poses/ex6/PM_043_rep09_cam18.npz,,0.7995,0.9437,0.268,90,True
PM_043,10,6,Squats,5,1791,1878,88,2.9333,front,side,Camera18,,True,False,0,0,True,0,videos/Ex6/PM_043-Camera17-30fps.mp4,videos/Ex6/PM_043-Camera18-30fps-transposed.mp4,True,True,cam18,data/poses/ex6/PM_043_rep10_cam18.npz,,0.8059,0.9477,0.277,88,True
PM_043,11,6,Squats,5,2250,2355,106,3.5333,half-profile,half-profile,neither,,True,False,0,0,True,1,videos/Ex6/PM_043-Camera17-30fps.mp4,videos/Ex6/PM_043-Camera18-30fps-transposed.mp4,True,True,cam18,data/poses/ex6/PM_043_rep11_cam18.npz,data/poses/ex6/PM_043_rep11_cam17.npz,0.9477,0.9944,0.982,106,True
PM_043,12,6,Squats,5,2370,2460,91,3.0333,half-profile,half-profile,neither,,True,False,0,0,True,1,videos/Ex6/PM_043-Camera17-30fps.mp4,videos/Ex6/PM_043-Camera18-30fps-transposed.mp4,True,True,cam18,data/poses/ex6/PM_043_rep12_cam18.npz,data/poses/ex6/PM_043_rep12_cam17.npz,0.9439,0.9932,0.9767,91,True
PM_043,13,6,Squats,5,2461,2565,105,3.5,half-profile,half-profile,neither,,True,False,0,0,True,1,videos/Ex6/PM_043-Camera17-30fps.mp4,videos/Ex6/PM_043-Camera18-30fps-transposed.mp4,True,True,cam17,data/poses/ex6/PM_043_rep13_cam17.npz,data/poses/ex6/PM_043_rep13_cam18.npz,0.9404,0.9567,0.9986,105,True
PM_043,14,6,Squats,5,2566,2670,105,3.5,half-profile,half-profile,neither,,True,False,0,0,True,1,videos/Ex6/PM_043-Camera17-30fps.mp4,videos/Ex6/PM_043-Camera18-30fps-transposed.mp4,True,True,cam18,data/poses/ex6/PM_043_rep14_cam18.npz,data/poses/ex6/PM_043_rep14_cam17.npz,0.946,0.9945,0.9803,105,True
PM_043,15,6,Squats,5,2671,2780,110,3.6667,half-profile,half-profile,neither,,True,False,0,0,True,1,videos/Ex6/PM_043-Camera17-30fps.mp4,videos/Ex6/PM_043-Camera18-30fps-transposed.mp4,True,True,cam18,data/poses/ex6/PM_043_rep15_cam18.npz,data/poses/ex6/PM_043_rep15_cam17.npz,0.947,0.9943,0.9825,110,True
PM_043,16,6,Squats,5,2860,2950,91,3.0333,half-profile,half-profile,neither,,True,False,0,0,True,0,videos/Ex6/PM_043-Camera17-30fps.mp4,videos/Ex6/PM_043-Camera18-30fps-transposed.mp4,True,True,cam18,data/poses/ex6/PM_043_rep16_cam18.npz,data/poses/ex6/PM_043_rep16_cam17.npz,0.9368,0.995,0.9778,91,True
PM_043,17,6,Squats,5,2970,3065,96,3.2,half-profile,half-profile,neither,,True,False,0,0,True,0,videos/Ex6/PM_043-Camera17-30fps.mp4,videos/Ex6/PM_043-Camera18-30fps-transposed.mp4,True,True,cam18,data/poses/ex6/PM_043_rep17_cam18.npz,data/poses/ex6/PM_043_rep17_cam17.npz,0.9424,0.9961,0.9819,96,True
PM_043,18,6,Squats,5,3066,3160,95,3.1667,half-profile,half-profile,neither,,True,False,0,0,True,0,videos/Ex6/PM_043-Camera17-30fps.mp4,videos/Ex6/PM_043-Camera18-30fps-transposed.mp4,True,True,cam18,data/poses/ex6/PM_043_rep18_cam18.npz,data/poses/ex6/PM_043_rep18_cam17.npz,0.9388,0.996,0.9807,95,True
PM_043,19,6,Squats,5,3161,3252,92,3.0667,half-profile,half-profile,neither,,True,False,0,0,True,0,videos/Ex6/PM_043-Camera17-30fps.mp4,videos/Ex6/PM_043-Camera18-30fps-transposed.mp4,True,True,cam18,data/poses/ex6/PM_043_rep19_cam18.npz,data/poses/ex6/PM_043_rep19_cam17.npz,0.945,0.9959,0.9822,92,True
PM_043,20,6,Squats,5,3253,3340,88,2.9333,half-profile,half-profile,neither,,True,False,0,0,True,0,videos/Ex6/PM_043-Camera17-30fps.mp4,videos/Ex6/PM_043-Camera18-30fps-transposed.mp4,True,True,cam18,data/poses/ex6/PM_043_rep20_cam18.npz,data/poses/ex6/PM_043_rep20_cam17.npz,0.9512,0.9964,0.9806,88,True
PM_105,1,6,Squats,6,10,115,106,3.5333,front,side,Camera18,,True,False,0,0,True,1,videos/Ex6/PM_105-Camera17-30fps.mp4,videos/Ex6/PM_105-Camera18-30fps-transposed.mp4,True,True,cam18,data/poses/ex6/PM_105_rep01_cam18.npz,,0.8005,0.9472,0.3419,106,True
PM_105,2,6,Squats,6,116,205,90,3.0,front,side,Camera18,,True,False,0,0,True,1,videos/Ex6/PM_105-Camera17-30fps.mp4,videos/Ex6/PM_105-Camera18-30fps-transposed.mp4,True,True,cam18,data/poses/ex6/PM_105_rep02_cam18.npz,,0.7976,0.9512,0.3414,90,True
PM_105,3,6,Squats,6,206,300,95,3.1667,front,side,Camera18,,True,False,0,0,True,1,videos/Ex6/PM_105-Camera17-30fps.mp4,videos/Ex6/PM_105-Camera18-30fps-transposed.mp4,True,True,cam18,data/poses/ex6/PM_105_rep03_cam18.npz,,0.7987,0.9527,0.3331,95,True
PM_105,4,6,Squats,6,301,390,90,3.0,front,side,Camera18,,True,False,0,0,True,1,videos/Ex6/PM_105-Camera17-30fps.mp4,videos/Ex6/PM_105-Camera18-30fps-transposed.mp4,True,True,cam18,data/poses/ex6/PM_105_rep04_cam18.npz,,0.7966,0.9518,0.3333,90,True
PM_105,5,6,Squats,6,391,480,90,3.0,front,side,Camera18,,True,False,0,0,True,1,videos/Ex6/PM_105-Camera17-30fps.mp4,videos/Ex6/PM_105-Camera18-30fps-transposed.mp4,True,True,cam18,data/poses/ex6/PM_105_rep05_cam18.npz,,0.7916,0.948,0.3392,90,True
PM_105,6,6,Squats,6,790,885,96,3.2,half-profile,half-profile,neither,,True,False,0,0,True,1,videos/Ex6/PM_105-Camera17-30fps.mp4,videos/Ex6/PM_105-Camera18-30fps-transposed.mp4,True,True,cam18,data/poses/ex6/PM_105_rep06_cam18.npz,data/poses/ex6/PM_105_rep06_cam17.npz,0.9386,0.9956,0.9806,96,True
PM_105,7,6,Squats,6,915,1015,101,3.3667,half-profile,half-profile,neither,,True,False,0,0,True,1,videos/Ex6/PM_105-Camera17-30fps.mp4,videos/Ex6/PM_105-Camera18-30fps-transposed.mp4,True,True,cam18,data/poses/ex6/PM_105_rep07_cam18.npz,data/poses/ex6/PM_105_rep07_cam17.npz,0.9394,0.9953,0.9822,101,True
PM_105,8,6,Squats,6,1016,1120,105,3.5,half-profile,half-profile,neither,,True,False,0,0,True,1,videos/Ex6/PM_105-Camera17-30fps.mp4,videos/Ex6/PM_105-Camera18-30fps-transposed.mp4,True,True,cam18,data/poses/ex6/PM_105_rep08_cam18.npz,data/poses/ex6/PM_105_rep08_cam17.npz,0.9323,0.9955,0.9808,105,True
PM_105,9,6,Squats,6,1121,1210,90,3.0,half-profile,half-profile,neither,,True,False,0,0,True,1,videos/Ex6/PM_105-Camera17-30fps.mp4,videos/Ex6/PM_105-Camera18-30fps-transposed.mp4,True,True,cam18,data/poses/ex6/PM_105_rep09_cam18.npz,data/poses/ex6/PM_105_rep09_cam17.npz,0.933,0.9953,0.9784,90,True
PM_105,10,6,Squats,6,1211,1295,85,2.8333,half-profile,half-profile,neither,,True,False,0,0,True,1,videos/Ex6/PM_105-Camera17-30fps.mp4,videos/Ex6/PM_105-Camera18-30fps-transposed.mp4,True,True,cam18,data/poses/ex6/PM_105_rep10_cam18.npz,data/poses/ex6/PM_105_rep10_cam17.npz,0.9404,0.9957,0.9821,85,True
PM_105,11,6,Squats,6,1700,1790,91,3.0333,half-profile,half-profile,neither,,True,False,2,0,False,0,videos/Ex6/PM_105-Camera17-30fps.mp4,videos/Ex6/PM_105-Camera18-30fps-transposed.mp4,True,True,cam18,data/poses/ex6/PM_105_rep11_cam18.npz,data/poses/ex6/PM_105_rep11_cam17.npz,0.9306,0.9939,0.9854,91,True
PM_105,12,6,Squats,6,1850,1950,101,3.3667,half-profile,half-profile,neither,,True,False,1,0,True,0,videos/Ex6/PM_105-Camera17-30fps.mp4,videos/Ex6/PM_105-Camera18-30fps-transposed.mp4,True,True,cam18,data/poses/ex6/PM_105_rep12_cam18.npz,data/poses/ex6/PM_105_rep12_cam17.npz,0.9527,0.9952,0.9722,101,True
PM_105,13,6,Squats,6,1951,2060,110,3.6667,half-profile,half-profile,neither,,True,False,2,0,False,0,videos/Ex6/PM_105-Camera17-30fps.mp4,videos/Ex6/PM_105-Camera18-30fps-transposed.mp4,True,True,cam18,data/poses/ex6/PM_105_rep13_cam18.npz,data/poses/ex6/PM_105_rep13_cam17.npz,0.9509,0.9952,0.9677,110,True
PM_105,14,6,Squats,6,2061,2175,115,3.8333,half-profile,half-profile,neither,,True,False,2,0,False,0,videos/Ex6/PM_105-Camera17-30fps.mp4,videos/Ex6/PM_105-Camera18-30fps-transposed.mp4,True,True,cam18,data/poses/ex6/PM_105_rep14_cam18.npz,data/poses/ex6/PM_105_rep14_cam17.npz,0.9493,0.9955,0.9732,115,True
PM_105,15,6,Squats,6,2176,2280,105,3.5,half-profile,half-profile,neither,,True,False,1,0,True,0,videos/Ex6/PM_105-Camera17-30fps.mp4,videos/Ex6/PM_105-Camera18-30fps-transposed.mp4,True,True,cam18,data/poses/ex6/PM_105_rep15_cam18.npz,data/poses/ex6/PM_105_rep15_cam17.npz,0.9447,0.9946,0.9448,105,True
PM_105,16,6,Squats,6,2281,2370,90,3.0,half-profile,half-profile,neither,,True,False,2,0,False,0,videos/Ex6/PM_105-Camera17-30fps.mp4,videos/Ex6/PM_105-Camera18-30fps-transposed.mp4,True,True,cam18,data/poses/ex6/PM_105_rep16_cam18.npz,data/poses/ex6/PM_105_rep16_cam17.npz,0.9564,0.995,0.9703,90,True
PM_105,17,6,Squats,6,2810,2900,91,3.0333,front,side,Camera18,,True,False,2,0,False,0,videos/Ex6/PM_105-Camera17-30fps.mp4,videos/Ex6/PM_105-Camera18-30fps-transposed.mp4,True,True,cam18,data/poses/ex6/PM_105_rep17_cam18.npz,,0.7942,0.9494,0.2949,91,True
PM_105,18,6,Squats,6,2901,2990,90,3.0,front,side,Camera18,,True,False,1,0,True,0,videos/Ex6/PM_105-Camera17-30fps.mp4,videos/Ex6/PM_105-Camera18-30fps-transposed.mp4,True,True,cam18,data/poses/ex6/PM_105_rep18_cam18.npz,,0.7921,0.9554,0.2925,90,True
PM_105,19,6,Squats,6,2991,3090,100,3.3333,front,side,Camera18,,True,False,0,0,True,0,videos/Ex6/PM_105-Camera17-30fps.mp4,videos/Ex6/PM_105-Camera18-30fps-transposed.mp4,True,True,cam18,data/poses/ex6/PM_105_rep19_cam18.npz,,0.7781,0.9461,0.304,100,True
PM_105,20,6,Squats,6,3091,3190,100,3.3333,front,side,Camera18,,True,False,1,0,True,0,videos/Ex6/PM_105-Camera17-30fps.mp4,videos/Ex6/PM_105-Camera18-30fps-transposed.mp4,True,True,cam18,data/poses/ex6/PM_105_rep20_cam18.npz,,0.7822,0.951,0.3015,100,True
PM_105,21,6,Squats,6,3191,3270,80,2.6667,front,side,Camera18,,True,False,1,0,True,0,videos/Ex6/PM_105-Camera17-30fps.mp4,videos/Ex6/PM_105-Camera18-30fps-transposed.mp4,True,True,cam18,data/poses/ex6/PM_105_rep21_cam18.npz,,0.7844,0.9505,0.3047,80,True
PM_113,1,6,Squats,8,95,210,116,3.8667,front,side,Camera18,,True,False,2,0,False,1,videos/Ex6/PM_113-Camera17-30fps.mp4,videos/Ex6/PM_113-Camera18-30fps-transposed.mp4,True,True,cam18,data/poses/ex6/PM_113_rep01_cam18.npz,,0.8252,0.9699,0.374,116,True
PM_113,2,6,Squats,8,211,360,150,5.0,front,side,Camera18,,True,False,1,0,True,1,videos/Ex6/PM_113-Camera17-30fps.mp4,videos/Ex6/PM_113-Camera18-30fps-transposed.mp4,True,True,cam18,data/poses/ex6/PM_113_rep02_cam18.npz,,0.8241,0.9726,0.3547,150,True
PM_113,3,6,Squats,8,361,510,150,5.0,front,side,Camera18,,True,False,1,0,True,1,videos/Ex6/PM_113-Camera17-30fps.mp4,videos/Ex6/PM_113-Camera18-30fps-transposed.mp4,True,True,cam18,data/poses/ex6/PM_113_rep03_cam18.npz,,0.824,0.9709,0.3677,150,True
PM_113,4,6,Squats,8,511,650,140,4.6667,front,side,Camera18,,True,False,0,0,True,1,videos/Ex6/PM_113-Camera17-30fps.mp4,videos/Ex6/PM_113-Camera18-30fps-transposed.mp4,True,True,cam18,data/poses/ex6/PM_113_rep04_cam18.npz,,0.8183,0.9708,0.3325,140,True
PM_113,5,6,Squats,8,651,805,155,5.1667,front,side,Camera18,,True,False,0,0,True,1,videos/Ex6/PM_113-Camera17-30fps.mp4,videos/Ex6/PM_113-Camera18-30fps-transposed.mp4,True,True,cam18,data/poses/ex6/PM_113_rep05_cam18.npz,,0.8212,0.9721,0.35,155,True
PM_113,6,6,Squats,8,955,1045,91,3.0333,front,side,Camera18,,True,False,1,0,True,0,videos/Ex6/PM_113-Camera17-30fps.mp4,videos/Ex6/PM_113-Camera18-30fps-transposed.mp4,True,True,cam18,data/poses/ex6/PM_113_rep06_cam18.npz,,0.7946,0.9648,0.3645,91,True
PM_113,7,6,Squats,8,1046,1145,100,3.3333,front,side,Camera18,,True,False,1,0,True,0,videos/Ex6/PM_113-Camera17-30fps.mp4,videos/Ex6/PM_113-Camera18-30fps-transposed.mp4,True,True,cam18,data/poses/ex6/PM_113_rep07_cam18.npz,,0.7949,0.9661,0.34,100,True
PM_113,8,6,Squats,8,1146,1250,105,3.5,front,side,Camera18,,True,False,2,0,False,0,videos/Ex6/PM_113-Camera17-30fps.mp4,videos/Ex6/PM_113-Camera18-30fps-transposed.mp4,True,True,cam18,data/poses/ex6/PM_113_rep08_cam18.npz,,0.7869,0.9653,0.3834,105,True
PM_113,9,6,Squats,8,1251,1360,110,3.6667,front,side,Camera18,,True,False,2,0,False,0,videos/Ex6/PM_113-Camera17-30fps.mp4,videos/Ex6/PM_113-Camera18-30fps-transposed.mp4,True,True,cam18,data/poses/ex6/PM_113_rep09_cam18.npz,,0.7971,0.9574,0.3568,110,True
PM_113,10,6,Squats,8,1361,1465,105,3.5,front,side,Camera18,,True,False,2,0,False,0,videos/Ex6/PM_113-Camera17-30fps.mp4,videos/Ex6/PM_113-Camera18-30fps-transposed.mp4,True,True,cam18,data/poses/ex6/PM_113_rep10_cam18.npz,,0.797,0.961,0.3577,105,True
PM_113,11,6,Squats,8,1680,1805,126,4.2,half-profile,half-profile,neither,,True,False,2,0,False,1,videos/Ex6/PM_113-Camera17-30fps.mp4,videos/Ex6/PM_113-Camera18-30fps-transposed.mp4,True,True,cam18,data/poses/ex6/PM_113_rep11_cam18.npz,data/poses/ex6/PM_113_rep11_cam17.npz,0.9463,0.9939,0.9629,126,True
PM_113,12,6,Squats,8,1870,2000,131,4.3667,half-profile,half-profile,neither,,True,False,0,0,True,1,videos/Ex6/PM_113-Camera17-30fps.mp4,videos/Ex6/PM_113-Camera18-30fps-transposed.mp4,True,True,cam17,data/poses/ex6/PM_113_rep12_cam17.npz,data/poses/ex6/PM_113_rep12_cam18.npz,0.9382,0.9521,0.9974,131,True
PM_113,13,6,Squats,8,2001,2150,150,5.0,half-profile,half-profile,neither,,True,False,0,0,True,1,videos/Ex6/PM_113-Camera17-30fps.mp4,videos/Ex6/PM_113-Camera18-30fps-transposed.mp4,True,True,cam17,data/poses/ex6/PM_113_rep13_cam17.npz,data/poses/ex6/PM_113_rep13_cam18.npz,0.9329,0.9426,0.9965,150,True
PM_113,14,6,Squats,8,2151,2300,150,5.0,half-profile,half-profile,neither,,True,False,0,0,True,1,videos/Ex6/PM_113-Camera17-30fps.mp4,videos/Ex6/PM_113-Camera18-30fps-transposed.mp4,True,True,cam18,data/poses/ex6/PM_113_rep14_cam18.npz,data/poses/ex6/PM_113_rep14_cam17.npz,0.9384,0.9937,0.9684,150,True
PM_113,15,6,Squats,8,2301,2460,160,5.3333,half-profile,half-profile,neither,,True,False,0,0,True,1,videos/Ex6/PM_113-Camera17-30fps.mp4,videos/Ex6/PM_113-Camera18-30fps-transposed.mp4,True,True,cam18,data/poses/ex6/PM_113_rep15_cam18.npz,data/poses/ex6/PM_113_rep15_cam17.npz,0.9328,0.9941,0.9627,160,True
PM_113,16,6,Squats,8,2461,2600,140,4.6667,half-profile,half-profile,neither,,True,False,0,0,True,1,videos/Ex6/PM_113-Camera17-30fps.mp4,videos/Ex6/PM_113-Camera18-30fps-transposed.mp4,True,True,cam18,data/poses/ex6/PM_113_rep16_cam18.npz,data/poses/ex6/PM_113_rep16_cam17.npz,0.9471,0.9939,0.9665,140,True
PM_113,17,6,Squats,8,3020,3110,91,3.0333,half-profile,half-profile,neither,,True,False,0,0,True,1,videos/Ex6/PM_113-Camera17-30fps.mp4,videos/Ex6/PM_113-Camera18-30fps-transposed.mp4,True,True,cam17,data/poses/ex6/PM_113_rep17_cam17.npz,data/poses/ex6/PM_113_rep17_cam18.npz,0.9289,0.9432,0.9969,91,True
PM_113,18,6,Squats,8,3160,3255,96,3.2,half-profile,half-profile,neither,,True,False,0,0,True,1,videos/Ex6/PM_113-Camera17-30fps.mp4,videos/Ex6/PM_113-Camera18-30fps-transposed.mp4,True,True,cam18,data/poses/ex6/PM_113_rep18_cam18.npz,data/poses/ex6/PM_113_rep18_cam17.npz,0.9372,0.9941,0.9486,96,True
PM_113,19,6,Squats,8,3290,3400,111,3.7,half-profile,half-profile,neither,,True,True,0,0,False,1,videos/Ex6/PM_113-Camera17-30fps.mp4,videos/Ex6/PM_113-Camera18-30fps-transposed.mp4,True,True,cam18,data/poses/ex6/PM_113_rep19_cam18.npz,data/poses/ex6/PM_113_rep19_cam17.npz,0.9365,0.9945,0.9581,111,True
PM_113,20,6,Squats,8,3401,3500,100,3.3333,half-profile,half-profile,neither,,True,True,0,0,False,1,videos/Ex6/PM_113-Camera17-30fps.mp4,videos/Ex6/PM_113-Camera18-30fps-transposed.mp4,True,True,cam18,data/poses/ex6/PM_113_rep20_cam18.npz,data/poses/ex6/PM_113_rep20_cam17.npz,0.9364,0.9946,0.9576,100,True
PM_113,21,6,Squats,8,3520,3640,121,4.0333,half-profile,half-profile,neither,,True,True,1,0,False,1,videos/Ex6/PM_113-Camera17-30fps.mp4,videos/Ex6/PM_113-Camera18-30fps-transposed.mp4,True,True,cam18,data/poses/ex6/PM_113_rep21_cam18.npz,data/poses/ex6/PM_113_rep21_cam17.npz,0.9406,0.9947,0.9509,121,True
PM_113,22,6,Squats,8,3670,3770,101,3.3667,half-profile,half-profile,neither,,True,True,0,0,False,1,videos/Ex6/PM_113-Camera17-30fps.mp4,videos/Ex6/PM_113-Camera18-30fps-transposed.mp4,True,True,cam18,data/poses/ex6/PM_113_rep22_cam18.npz,data/poses/ex6/PM_113_rep22_cam17.npz,0.9489,0.9948,0.9476,101,True
PM_118,1,6,Squats,9,30,130,101,3.3667,front,side,Camera18,,True,False,0,0,True,1,videos/Ex6/PM_118-Camera17-30fps.mp4,videos/Ex6/PM_118-Camera18-30fps-transposed.mp4,True,True,cam18,data/poses/ex6/PM_118_rep01_cam18.npz,,0.8074,0.9721,0.3463,101,True
PM_118,2,6,Squats,9,131,205,75,2.5,front,side,Camera18,,True,False,0,0,True,1,videos/Ex6/PM_118-Camera17-30fps.mp4,videos/Ex6/PM_118-Camera18-30fps-transposed.mp4,True,True,cam18,data/poses/ex6/PM_118_rep02_cam18.npz,,0.8096,0.97,0.347,75,True
PM_118,3,6,Squats,9,206,290,85,2.8333,front,side,Camera18,,True,False,0,0,True,1,videos/Ex6/PM_118-Camera17-30fps.mp4,videos/Ex6/PM_118-Camera18-30fps-transposed.mp4,True,True,cam18,data/poses/ex6/PM_118_rep03_cam18.npz,,0.8083,0.9652,0.3429,85,True
PM_118,4,6,Squats,9,291,375,85,2.8333,front,side,Camera18,,True,False,0,0,True,1,videos/Ex6/PM_118-Camera17-30fps.mp4,videos/Ex6/PM_118-Camera18-30fps-transposed.mp4,True,True,cam18,data/poses/ex6/PM_118_rep04_cam18.npz,,0.8062,0.9612,0.3267,85,True
PM_118,5,6,Squats,9,376,460,85,2.8333,front,side,Camera18,,True,False,0,0,True,1,videos/Ex6/PM_118-Camera17-30fps.mp4,videos/Ex6/PM_118-Camera18-30fps-transposed.mp4,True,True,cam18,data/poses/ex6/PM_118_rep05_cam18.npz,,0.806,0.9597,0.3362,85,True
PM_118,6,6,Squats,9,461,545,85,2.8333,front,side,Camera18,,True,False,0,0,True,1,videos/Ex6/PM_118-Camera17-30fps.mp4,videos/Ex6/PM_118-Camera18-30fps-transposed.mp4,True,True,cam18,data/poses/ex6/PM_118_rep06_cam18.npz,,0.8058,0.9561,0.3343,85,True
PM_118,7,6,Squats,9,770,835,66,2.2,front,side,Camera18,,True,False,1,0,True,1,videos/Ex6/PM_118-Camera17-30fps.mp4,videos/Ex6/PM_118-Camera18-30fps-transposed.mp4,True,True,cam18,data/poses/ex6/PM_118_rep07_cam18.npz,,0.797,0.9512,0.2688,66,True
PM_118,8,6,Squats,9,836,910,75,2.5,front,side,Camera18,,True,False,1,0,True,1,videos/Ex6/PM_118-Camera17-30fps.mp4,videos/Ex6/PM_118-Camera18-30fps-transposed.mp4,True,True,cam18,data/poses/ex6/PM_118_rep08_cam18.npz,,0.7858,0.9369,0.2679,75,True
PM_118,9,6,Squats,9,911,975,65,2.1667,front,side,Camera18,,True,False,1,0,True,1,videos/Ex6/PM_118-Camera17-30fps.mp4,videos/Ex6/PM_118-Camera18-30fps-transposed.mp4,True,True,cam18,data/poses/ex6/PM_118_rep09_cam18.npz,,0.799,0.9506,0.2967,65,True
PM_118,10,6,Squats,9,976,1045,70,2.3333,front,side,Camera18,,True,False,2,0,False,1,videos/Ex6/PM_118-Camera17-30fps.mp4,videos/Ex6/PM_118-Camera18-30fps-transposed.mp4,True,True,cam18,data/poses/ex6/PM_118_rep10_cam18.npz,,0.8043,0.9507,0.3135,70,True
PM_118,11,6,Squats,9,1046,1110,65,2.1667,front,side,Camera18,,True,False,2,0,False,1,videos/Ex6/PM_118-Camera17-30fps.mp4,videos/Ex6/PM_118-Camera18-30fps-transposed.mp4,True,True,cam18,data/poses/ex6/PM_118_rep11_cam18.npz,,0.7979,0.9566,0.3391,65,True
PM_118,12,6,Squats,9,1450,1535,86,2.8667,half-profile,half-profile,neither,,True,False,0,0,True,1,videos/Ex6/PM_118-Camera17-30fps.mp4,videos/Ex6/PM_118-Camera18-30fps-transposed.mp4,True,True,cam18,data/poses/ex6/PM_118_rep12_cam18.npz,data/poses/ex6/PM_118_rep12_cam17.npz,0.9374,0.9948,0.9606,86,True
PM_118,13,6,Squats,9,1536,1630,95,3.1667,half-profile,half-profile,neither,,True,False,0,0,True,1,videos/Ex6/PM_118-Camera17-30fps.mp4,videos/Ex6/PM_118-Camera18-30fps-transposed.mp4,True,True,cam18,data/poses/ex6/PM_118_rep13_cam18.npz,data/poses/ex6/PM_118_rep13_cam17.npz,0.9463,0.9955,0.9663,95,True
PM_118,14,6,Squats,9,1670,1740,71,2.3667,half-profile,half-profile,neither,,True,False,0,0,True,1,videos/Ex6/PM_118-Camera17-30fps.mp4,videos/Ex6/PM_118-Camera18-30fps-transposed.mp4,True,True,cam18,data/poses/ex6/PM_118_rep14_cam18.npz,data/poses/ex6/PM_118_rep14_cam17.npz,0.9411,0.9953,0.9586,71,True
PM_118,15,6,Squats,9,1770,1840,71,2.3667,half-profile,half-profile,neither,,True,False,0,0,True,1,videos/Ex6/PM_118-Camera17-30fps.mp4,videos/Ex6/PM_118-Camera18-30fps-transposed.mp4,True,True,cam18,data/poses/ex6/PM_118_rep15_cam18.npz,data/poses/ex6/PM_118_rep15_cam17.npz,0.9394,0.9952,0.9592,71,True
PM_118,16,6,Squats,9,1841,1930,90,3.0,half-profile,half-profile,neither,,True,False,0,0,True,1,videos/Ex6/PM_118-Camera17-30fps.mp4,videos/Ex6/PM_118-Camera18-30fps-transposed.mp4,True,True,cam18,data/poses/ex6/PM_118_rep16_cam18.npz,data/poses/ex6/PM_118_rep16_cam17.npz,0.9292,0.996,0.9682,90,True
PM_118,17,6,Squats,9,1931,2010,80,2.6667,half-profile,half-profile,neither,,True,False,0,0,True,1,videos/Ex6/PM_118-Camera17-30fps.mp4,videos/Ex6/PM_118-Camera18-30fps-transposed.mp4,True,True,cam18,data/poses/ex6/PM_118_rep17_cam18.npz,data/poses/ex6/PM_118_rep17_cam17.npz,0.9399,0.9957,0.9616,80,True
PM_118,18,6,Squats,9,2011,2080,70,2.3333,half-profile,half-profile,neither,,True,False,0,0,True,1,videos/Ex6/PM_118-Camera17-30fps.mp4,videos/Ex6/PM_118-Camera18-30fps-transposed.mp4,True,True,cam18,data/poses/ex6/PM_118_rep18_cam18.npz,data/poses/ex6/PM_118_rep18_cam17.npz,0.9434,0.9946,0.9623,70,True
PM_118,19,6,Squats,9,2100,2165,66,2.2,half-profile,half-profile,neither,,True,False,0,0,True,0,videos/Ex6/PM_118-Camera17-30fps.mp4,videos/Ex6/PM_118-Camera18-30fps-transposed.mp4,True,True,cam18,data/poses/ex6/PM_118_rep19_cam18.npz,data/poses/ex6/PM_118_rep19_cam17.npz,0.9315,0.9956,0.9653,66,True
PM_118,20,6,Squats,9,2166,2230,65,2.1667,half-profile,half-profile,neither,,True,False,0,0,True,0,videos/Ex6/PM_118-Camera17-30fps.mp4,videos/Ex6/PM_118-Camera18-30fps-transposed.mp4,True,True,cam17,data/poses/ex6/PM_118_rep20_cam17.npz,data/poses/ex6/PM_118_rep20_cam18.npz,0.9356,0.895,0.9952,65,True
PM_118,21,6,Squats,9,2231,2300,70,2.3333,half-profile,half-profile,neither,,True,False,0,0,True,0,videos/Ex6/PM_118-Camera17-30fps.mp4,videos/Ex6/PM_118-Camera18-30fps-transposed.mp4,True,True,cam17,data/poses/ex6/PM_118_rep21_cam17.npz,data/poses/ex6/PM_118_rep21_cam18.npz,0.9264,0.8884,0.9947,70,True
PM_118,22,6,Squats,9,2301,2375,75,2.5,half-profile,half-profile,neither,,True,False,0,0,True,0,videos/Ex6/PM_118-Camera17-30fps.mp4,videos/Ex6/PM_118-Camera18-30fps-transposed.mp4,True,True,cam18,data/poses/ex6/PM_118_rep22_cam18.npz,data/poses/ex6/PM_118_rep22_cam17.npz,0.9133,0.9932,0.9546,75,True
PM_118,23,6,Squats,9,2376,2430,55,1.8333,half-profile,half-profile,neither,,True,False,0,0,True,0,videos/Ex6/PM_118-Camera17-30fps.mp4,videos/Ex6/PM_118-Camera18-30fps-transposed.mp4,True,True,cam18,data/poses/ex6/PM_118_rep23_cam18.npz,data/poses/ex6/PM_118_rep23_cam17.npz,0.9257,0.9946,0.958,55,True
PM_126,1,6,Squats,7,200,310,111,3.7,front,side,Camera18,,True,False,1,0,True,1,videos/Ex6/PM_126-Camera17-30fps.mp4,videos/Ex6/PM_126-Camera18-30fps-transposed.mp4,True,True,cam18,data/poses/ex6/PM_126_rep01_cam18.npz,,0.8345,0.9746,0.4509,111,True
PM_126,2,6,Squats,7,340,470,131,4.3667,front,side,Camera18,,True,False,0,0,True,1,videos/Ex6/PM_126-Camera17-30fps.mp4,videos/Ex6/PM_126-Camera18-30fps-transposed.mp4,True,True,cam18,data/poses/ex6/PM_126_rep02_cam18.npz,,0.8317,0.9757,0.4329,131,True
PM_126,3,6,Squats,7,480,600,121,4.0333,front,side,Camera18,,True,False,0,0,True,1,videos/Ex6/PM_126-Camera17-30fps.mp4,videos/Ex6/PM_126-Camera18-30fps-transposed.mp4,True,True,cam18,data/poses/ex6/PM_126_rep03_cam18.npz,,0.8299,0.9759,0.4213,121,True
PM_126,4,6,Squats,7,620,740,121,4.0333,front,side,Camera18,,True,False,1,1,True,1,videos/Ex6/PM_126-Camera17-30fps.mp4,videos/Ex6/PM_126-Camera18-30fps-transposed.mp4,True,True,cam18,data/poses/ex6/PM_126_rep04_cam18.npz,,0.827,0.9744,0.4145,121,True
PM_126,5,6,Squats,7,760,880,121,4.0333,front,side,Camera18,,True,False,1,0,True,1,videos/Ex6/PM_126-Camera17-30fps.mp4,videos/Ex6/PM_126-Camera18-30fps-transposed.mp4,True,True,cam18,data/poses/ex6/PM_126_rep05_cam18.npz,,0.8219,0.9755,0.4269,121,True
PM_126,6,6,Squats,7,900,995,96,3.2,front,side,Camera18,,True,False,0,0,True,0,videos/Ex6/PM_126-Camera17-30fps.mp4,videos/Ex6/PM_126-Camera18-30fps-transposed.mp4,True,True,cam18,data/poses/ex6/PM_126_rep06_cam18.npz,,0.8273,0.9758,0.4403,96,True
PM_126,7,6,Squats,7,996,1110,115,3.8333,front,side,Camera18,,True,False,0,0,True,0,videos/Ex6/PM_126-Camera17-30fps.mp4,videos/Ex6/PM_126-Camera18-30fps-transposed.mp4,True,True,cam18,data/poses/ex6/PM_126_rep07_cam18.npz,,0.8225,0.97,0.4377,115,True
PM_126,8,6,Squats,7,1130,1225,96,3.2,front,side,Camera18,,True,False,0,0,True,0,videos/Ex6/PM_126-Camera17-30fps.mp4,videos/Ex6/PM_126-Camera18-30fps-transposed.mp4,True,True,cam18,data/poses/ex6/PM_126_rep08_cam18.npz,,0.8251,0.9774,0.4448,96,True
PM_126,9,6,Squats,7,1250,1340,91,3.0333,front,side,Camera18,,True,False,0,0,True,0,videos/Ex6/PM_126-Camera17-30fps.mp4,videos/Ex6/PM_126-Camera18-30fps-transposed.mp4,True,True,cam18,data/poses/ex6/PM_126_rep09_cam18.npz,,0.8163,0.9686,0.3902,91,True
PM_126,10,6,Squats,7,1360,1460,101,3.3667,front,side,Camera18,,True,False,0,0,True,0,videos/Ex6/PM_126-Camera17-30fps.mp4,videos/Ex6/PM_126-Camera18-30fps-transposed.mp4,True,True,cam18,data/poses/ex6/PM_126_rep10_cam18.npz,,0.8125,0.9688,0.4174,101,True
PM_126,11,6,Squats,7,1880,1990,111,3.7,half-profile,half-profile,neither,,True,False,0,0,True,1,videos/Ex6/PM_126-Camera17-30fps.mp4,videos/Ex6/PM_126-Camera18-30fps-transposed.mp4,True,True,cam18,data/poses/ex6/PM_126_rep11_cam18.npz,data/poses/ex6/PM_126_rep11_cam17.npz,0.9613,0.9942,0.9822,111,True
PM_126,12,6,Squats,7,2010,2140,131,4.3667,half-profile,half-profile,neither,,True,False,0,0,True,1,videos/Ex6/PM_126-Camera17-30fps.mp4,videos/Ex6/PM_126-Camera18-30fps-transposed.mp4,True,True,cam18,data/poses/ex6/PM_126_rep12_cam18.npz,data/poses/ex6/PM_126_rep12_cam17.npz,0.9596,0.9946,0.9824,131,True
PM_126,13,6,Squats,7,2160,2290,131,4.3667,half-profile,half-profile,neither,,True,False,0,0,True,1,videos/Ex6/PM_126-Camera17-30fps.mp4,videos/Ex6/PM_126-Camera18-30fps-transposed.mp4,True,True,cam18,data/poses/ex6/PM_126_rep13_cam18.npz,data/poses/ex6/PM_126_rep13_cam17.npz,0.9557,0.9947,0.9821,131,True
PM_126,14,6,Squats,7,2320,2450,131,4.3667,half-profile,half-profile,neither,,True,False,1,0,True,1,videos/Ex6/PM_126-Camera17-30fps.mp4,videos/Ex6/PM_126-Camera18-30fps-transposed.mp4,True,True,cam18,data/poses/ex6/PM_126_rep14_cam18.npz,data/poses/ex6/PM_126_rep14_cam17.npz,0.9579,0.9949,0.9841,131,True
PM_126,15,6,Squats,7,2470,2590,121,4.0333,half-profile,half-profile,neither,,True,False,2,0,False,1,videos/Ex6/PM_126-Camera17-30fps.mp4,videos/Ex6/PM_126-Camera18-30fps-transposed.mp4,True,True,cam18,data/poses/ex6/PM_126_rep15_cam18.npz,data/poses/ex6/PM_126_rep15_cam17.npz,0.9481,0.9947,0.982,121,True
PM_126,16,6,Squats,7,2630,2730,101,3.3667,half-profile,half-profile,neither,,True,False,0,0,True,0,videos/Ex6/PM_126-Camera17-30fps.mp4,videos/Ex6/PM_126-Camera18-30fps-transposed.mp4,True,True,cam18,data/poses/ex6/PM_126_rep16_cam18.npz,data/poses/ex6/PM_126_rep16_cam17.npz,0.9551,0.9949,0.9726,101,True
PM_126,17,6,Squats,7,2750,2860,111,3.7,half-profile,half-profile,neither,,True,False,1,0,True,0,videos/Ex6/PM_126-Camera17-30fps.mp4,videos/Ex6/PM_126-Camera18-30fps-transposed.mp4,True,True,cam18,data/poses/ex6/PM_126_rep17_cam18.npz,data/poses/ex6/PM_126_rep17_cam17.npz,0.967,0.9949,0.9752,111,True
PM_126,18,6,Squats,7,2880,2980,101,3.3667,half-profile,half-profile,neither,,True,False,0,0,True,0,videos/Ex6/PM_126-Camera17-30fps.mp4,videos/Ex6/PM_126-Camera18-30fps-transposed.mp4,True,True,cam18,data/poses/ex6/PM_126_rep18_cam18.npz,data/poses/ex6/PM_126_rep18_cam17.npz,0.9565,0.9946,0.9727,101,True
PM_126,19,6,Squats,7,3000,3110,111,3.7,half-profile,half-profile,neither,,True,False,0,0,True,0,videos/Ex6/PM_126-Camera17-30fps.mp4,videos/Ex6/PM_126-Camera18-30fps-transposed.mp4,True,True,cam18,data/poses/ex6/PM_126_rep19_cam18.npz,data/poses/ex6/PM_126_rep19_cam17.npz,0.9553,0.9947,0.9749,111,True
PM_126,20,6,Squats,7,3120,3240,121,4.0333,half-profile,half-profile,neither,,True,False,0,0,True,0,videos/Ex6/PM_126-Camera17-30fps.mp4,videos/Ex6/PM_126-Camera18-30fps-transposed.mp4,True,True,cam18,data/poses/ex6/PM_126_rep20_cam18.npz,data/poses/ex6/PM_126_rep20_cam17.npz,0.9637,0.9947,0.967,121,True
